FBS Team,2019,2018,2017,2016,2015,2014,2013,2012,2011,2010,2009,2008,2007,2006,2005,2004,2003,2002,2001,2000,1999,1998,1997,1996,1995,1994,1993,1992,1991,1990,1989,1988,1987
Air Force,Troy Calhoun,Troy Calhoun,Troy Calhoun,Troy Calhoun,Troy Calhoun,Troy Calhoun,Troy Calhoun,Troy Calhoun,Troy Calhoun,Troy Calhoun,Troy Calhoun,Troy Calhoun,Troy Calhoun,Fisher DeBerry,Fisher DeBerry,Fisher DeBerry,Fisher DeBerry,Fisher DeBerry,Fisher DeBerry,Fisher DeBerry,Fisher DeBerry,Fisher DeBerry,Fisher DeBerry,Fisher DeBerry,Fisher DeBerry,Fisher DeBerry,Fisher DeBerry,Fisher DeBerry,Fisher DeBerry,Fisher DeBerry,Fisher DeBerry,Fisher DeBerry,Fisher DeBerry
Akron,Tom Arth,Terry Bowden,Terry Bowden,Terry Bowden,Terry Bowden,Terry Bowden,Terry Bowden,Terry Bowden,Rob Ianello,Rob Ianello,J. D. Brookhart,J. D. Brookhart,J. D. Brookhart,J. D. Brookhart,J. D. Brookhart,J. D. Brookhart,Lee Owens,Lee Owens,Lee Owens,Lee Owens,Lee Owens,Lee Owens,Lee Owens,Lee Owens,Lee Owens,Gerry Faust,Gerry Faust,Gerry Faust,Gerry Faust,Gerry Faust,Gerry Faust,Gerry Faust,Gerry Faust
Alabama,Nick Saban,Nick Saban,Nick Saban,Nick Saban,Nick Saban,Nick Saban,Nick Saban,Nick Saban,Nick Saban,Nick Saban,Nick Saban,Nick Saban,Nick Saban,Mike Shula,Mike Shula,Mike Shula,Mike Shula,Dennis Franchione,Dennis Franchione,Mike DuBose,Mike DuBose,Mike DuBose,Mike DuBose,Gene Stallings,Gene Stallings,Gene Stallings,Gene Stallings,Gene Stallings,Gene Stallings,Gene Stallings,Bill Curry,Bill Curry,Bill Curry
Appalachian State,Eliah Drinkwitz,Scott Satterfield,Scott Satterfield,Scott Satterfield,Scott Satterfield,Scott Satterfield,Scott Satterfield,Jerry Moore,Jerry Moore,Jerry Moore,Jerry Moore,Jerry Moore,Jerry Moore,Jerry Moore,Jerry Moore,Jerry Moore,Jerry Moore,Jerry Moore,Jerry Moore,Jerry Moore,Jerry Moore,Jerry Moore,Jerry Moore,Jerry Moore,Jerry Moore,Jerry Moore,Jerry Moore,Jerry Moore,Jerry Moore,Jerry Moore,Jerry Moore,Sparky Woods,Sparky Woods
Arizona State,Herm Edwards,Herm Edwards,Todd Graham,Todd Graham,Todd Graham,Todd Graham,Todd Graham,Todd Graham,Dennis Erickson,Dennis Erickson,Dennis Erickson,Dennis Erickson,Dennis Erickson,Dirk Koetter,Dirk Koetter,Dirk Koetter,Dirk Koetter,Dirk Koetter,Dirk Koetter,Bruce Snyder,Bruce Snyder,Bruce Snyder,Bruce Snyder,Bruce Snyder,Bruce Snyder,Bruce Snyder,Bruce Snyder,Bruce Snyder,Larry Marmie,Larry Marmie,Larry Marmie,Larry Marmie,John Cooper
Arizona,Kevin Sumlin,Kevin Sumlin,Rich Rodriguez,Rich Rodriguez,Rich Rodriguez,Rich Rodriguez,Rich Rodriguez,Rich Rodriguez,Mike Stoops,Mike Stoops,Mike Stoops,Mike Stoops,Mike Stoops,Mike Stoops,Mike Stoops,Mike Stoops,John Mackovic,John Mackovic,John Mackovic,Dick Tomey,Dick Tomey,Dick Tomey,Dick Tomey,Dick Tomey,Dick Tomey,Dick Tomey,Dick Tomey,Dick Tomey,Dick Tomey,Dick Tomey,Dick Tomey,Dick Tomey,Dick Tomey
Arkansas,Chad Morris,Chad Morris,Bret Bielema,Bret Bielema,Bret Bielema,Bret Bielema,Bret Bielema,John L Smith,Bobby Petrino,Bobby Petrino,Bobby Petrino,Bobby Petrino,Houston Nutt,Houston Nutt,Houston Nutt,Houston Nutt,Houston Nutt,Houston Nutt,Houston Nutt,Houston Nutt,Houston Nutt,Houston Nutt,Danny Ford,Danny Ford,Danny Ford,Danny Ford,Danny Ford,Joe Kines,Jack Crowe,Jack Crowe,Ken Hatfield,Ken Hatfield,Ken Hatfield
Arkansas State,Blake Anderson,Blake Anderson,Blake Anderson,Blake Anderson,Blake Anderson,Blake Anderson,Bryan Harsin,Gus Malzahn,Hugh Freeze,Steve Roberts,Steve Roberts,Steve Roberts,Steve Roberts,Steve Roberts,Steve Roberts,Steve Roberts,Steve Roberts,Steve Roberts,Joe Hollis,Joe Hollis,Joe Hollis,Joe Hollis,Joe Hollis,John Bobo,John Bobo,John Bobo,John Bobo,Ray Perkins,Al Kincaid,Al Kincaid,Larry Lacewell,Larry Lacewell,Larry Lacewell
Army,Jeff Monken,Jeff Monken,Jeff Monken,Jeff Monken,Jeff Monken,Jeff Monken,Rich Ellerson,Rich Ellerson,Rich Ellerson,Rich Ellerson,Rich Ellerson,Stan Brock,Stan Brock,Bobby Ross,Bobby Ross,Bobby Ross,Todd Berry,Todd Berry,Todd Berry,Todd Berry,Bob Sutton,Bob Sutton,Bob Sutton,Bob Sutton,Bob Sutton,Bob Sutton,Bob Sutton,Bob Sutton,Bob Sutton,Jim Young,Jim Young,Jim Young,Jim Young
Auburn,Gus Malzahn,Gus Malzahn,Gus Malzahn,Gus Malzahn,Gus Malzahn,Gus Malzahn,Gus Malzahn,Gene Chizik,Gene Chizik,Gene Chizik,Gene Chizik,Tommy Tuberville,Tommy Tuberville,Tommy Tuberville,Tommy Tuberville,Tommy Tuberville,Tommy Tuberville,Tommy Tuberville,Tommy Tuberville,Tommy Tuberville,Tommy Tuberville,Terry Bowden,Terry Bowden,Terry Bowden,Terry Bowden,Terry Bowden,Terry Bowden,Pat Dye,Pat Dye,Pat Dye,Pat Dye,Pat Dye,Pat Dye
Ball State,Mike Neu,Mike Neu,Mike Neu,Mike Neu,Pete Lembo,Pete Lembo,Pete Lembo,Pete Lembo,Pete Lembo,Stan Parrish,Stan Parrish,Brady Hoke,Brady Hoke,Brady Hoke,Brady Hoke,Brady Hoke,Brady Hoke,Bill Lynch,Bill Lynch,Bill Lynch,Bill Lynch,Bill Lynch,Bill Lynch,Bill Lynch,Bill Lynch,Paul Schudel,Paul Schudel,Paul Schudel,Paul Schudel,Paul Schudel,Paul Schudel,Paul Schudel,Paul Schudel
Baylor,Matt Rhule,Matt Rhule,Matt Rhule,Jim Grobe,Art Briles,Art Briles,Art Briles,Art Briles,Art Briles,Art Briles,Art Briles,Art Briles,Guy Morriss,Guy Morriss,Guy Morriss,Guy Morriss,Guy Morriss,Kevin Steele,Kevin Steele,Kevin Steele,Kevin Steele,Dave Roberts,Dave Roberts,Chuck Reedy,Chuck Reedy,Chuck Reedy,Chuck Reedy,Grant Teaff,Grant Teaff,Grant Teaff,Grant Teaff,Grant Teaff,Grant Teaff
Boise State,Bryan Harsin,Bryan Harsin,Bryan Harsin,Bryan Harsin,Bryan Harsin,Bryan Harsin,Chris Petersen,Chris Petersen,Chris Petersen,Chris Petersen,Chris Petersen,Chris Petersen,Chris Petersen,Chris Petersen,Dan Hawkins,Dan Hawkins,Dan Hawkins,Dan Hawkins,Dan Hawkins,Dirk Koetter,Dirk Koetter,Dirk Koetter,Houston Nutt,Pokey Allen,Pokey Allen,Pokey Allen,Pokey Allen,Skip Hall,Skip Hall,Skip Hall,Skip Hall,Skip Hall,Skip Hall
Boston College,Steve Addazio,Steve Addazio,Steve Addazio,Steve Addazio,Steve Addazio,Steve Addazio,Steve Addazio,Frank Spaziani,Frank Spaziani,Frank Spaziani,Frank Spaziani,Jeff Jagodzinski,Jeff Jagodzinski,Tom O'Brien,Tom O'Brien,Tom O'Brien,Tom O'Brien,Tom O'Brien,Tom O'Brien,Tom O'Brien,Tom O'Brien,Tom O'Brien,Tom O'Brien,Dan Henning,Dan Henning,Dan Henning,Tom Coughlin,Tom Coughlin,Tom Coughlin,Jack Bicknell,Jack Bicknell,Jack Bicknell,Jack Bicknell
Bowling Green,Scot Loeffler,Mike Jinks,Mike Jinks,Mike Jinks,Dino Babers,Dino Babers,Dave Clawson,Dave Clawson,Dave Clawson,Dave Clawson,Dave Clawson,Gregg Brandon,Gregg Brandon,Gregg Brandon,Gregg Brandon,Gregg Brandon,Gregg Brandon,Urban Meyer,Urban Meyer,Gary Blackney,Gary Blackney,Gary Blackney,Gary Blackney,Gary Blackney,Gary Blackney,Gary Blackney,Gary Blackney,Gary Blackney,Gary Blackney,Moe Ankney,Moe Ankney,Moe Ankney,Moe Ankney
Buffalo,Lance Leipold,Lance Leipold,Lance Leipold,Lance Leipold,Lance Leipold,Jeff Quinn,Jeff Quinn,Jeff Quinn,Jeff Quinn,Jeff Quinn,Turner Gill,Turner Gill,Turner Gill,Turner Gill,Jim Hofher,Jim Hofher,Jim Hofher,Jim Hofher,Jim Hofher,Craig Cirbus,Craig Cirbus,Craig Cirbus,Craig Cirbus,Craig Cirbus,Craig Cirbus,Jim Ward,Jim Ward,Jim Ward,Sam Sanders,Sam Sanders,Bill Dando,Bill Dando,Bill Dando
BYU,Kalani Sitake,Kalani Sitake,Kalani Sitake,Kalani Sitake,Bronco Mendenhall,Bronco Mendenhall,Bronco Mendenhall,Bronco Mendenhall,Bronco Mendenhall,Bronco Mendenhall,Bronco Mendenhall,Bronco Mendenhall,Bronco Mendenhall,Bronco Mendenhall,Bronco Mendenhall,Gary Crowton,Gary Crowton,Gary Crowton,Gary Crowton,LaVell Edwards,LaVell Edwards,LaVell Edwards,LaVell Edwards,LaVell Edwards,LaVell Edwards,LaVell Edwards,LaVell Edwards,LaVell Edwards,LaVell Edwards,LaVell Edwards,LaVell Edwards,LaVell Edwards,LaVell Edwards
California,Justin Wilcox,Justin Wilcox,Justin Wilcox,Sonny Dykes,Sonny Dykes,Sonny Dykes,Sonny Dykes,Jeff Tedford,Jeff Tedford,Jeff Tedford,Jeff Tedford,Jeff Tedford,Jeff Tedford,Jeff Tedford,Jeff Tedford,Jeff Tedford,Jeff Tedford,Jeff Tedford,Tom Holmoe,Tom Holmoe,Tom Holmoe,Tom Holmoe,Tom Holmoe,Steve Mariucci,Keith Gilbertson,Keith Gilbertson,Keith Gilbertson,Keith Gilbertson,Bruce Snyder,Bruce Snyder,Bruce Snyder,Bruce Snyder,Bruce Snyder
Central Florida,Josh Heupel,Josh Heupel,Scott Frost,Scott Frost,George O'Leary,George O'Leary,George O'Leary,George O'Leary,George O'Leary,George O'Leary,George O'Leary,George O'Leary,George O'Leary,George O'Leary,George O'Leary,George O'Leary,Mike Kruczek,Mike Kruczek,Mike Kruczek,Mike Kruczek,Mike Kruczek,Mike Kruczek,Gene McDowell,Gene McDowell,Gene McDowell,Gene McDowell,Gene McDowell,Gene McDowell,Gene McDowell,Gene McDowell,Gene McDowell,Gene McDowell,Gene McDowell
Central Michigan,Jim McElwain,John Bonamego,John Bonamego,John Bonamego,John Bonamego,Dan Enos,Dan Enos,Dan Enos,Dan Enos,Dan Enos,Butch Jones,Butch Jones,Butch Jones,Brian Kelly,Brian Kelly,Brian Kelly,Mike DeBord,Mike DeBord,Mike DeBord,Mike DeBord,Dick Flynn,Dick Flynn,Dick Flynn,Dick Flynn,Dick Flynn,Dick Flynn,Herb Deromedi,Herb Deromedi,Herb Deromedi,Herb Deromedi,Herb Deromedi,Herb Deromedi,Herb Deromedi
Charlotte,Will Healy,Brad Lambert,Brad Lambert,Brad Lambert,Brad Lambert,Brad Lambert,Brad Lambert,Brad Lambert,Brad Lambert,No Team,No Team,No Team,No Team,No Team,No Team,No Team,No Team,No Team,No Team,No Team,No Team,No Team,No Team,No Team,No Team,No Team,No Team,No Team,No Team,No Team,No Team,No Team,No Team
Cincinnati,Luke Fickell,Luke Fickell,Luke Fickell,Tommy Tuberville,Tommy Tuberville,Tommy Tuberville,Tommy Tuberville,Butch Jones,Butch Jones,Butch Jones,Brian Kelly,Brian Kelly,Brian Kelly,Mark Dantonio,Mark Dantonio,Mark Dantonio,Rick Minter,Rick Minter,Rick Minter,Rick Minter,Rick Minter,Rick Minter,Rick Minter,Rick Minter,Rick Minter,Rick Minter,Tim Murphy,Tim Murphy,Tim Murphy,Tim Murphy,Tim Murphy,Dave Currey,Dave Currey
Clemson,Dabo Swinney,Dabo Swinney,Dabo Swinney,Dabo Swinney,Dabo Swinney,Dabo Swinney,Dabo Swinney,Dabo Swinney,Dabo Swinney,Dabo Swinney,Dabo Swinney,Dabo Swinney,Tommy Bowden,Tommy Bowden,Tommy Bowden,Tommy Bowden,Tommy Bowden,Tommy Bowden,Tommy Bowden,Tommy Bowden,Tommy Bowden,Tommy West,Tommy West,Tommy West,Tommy West,Tommy West,Ken Hatfield,Ken Hatfield,Ken Hatfield,Ken Hatfield,Danny Ford,Danny Ford,Danny Ford
Coastal Carolina,Joe Moglia,Joe Moglia,Joe Moglia,Joe Moglia,Joe Moglia,Joe Moglia,Joe Moglia,Joe Moglia,David Bennett,David Bennett,David Bennett,David Bennett,David Bennett,David Bennett,David Bennett,David Bennett,David Bennett,No Team,No Team,No Team,No Team,No Team,No Team,No Team,No Team,No Team,No Team,No Team,No Team,No Team,No Team,No Team,No Team
Colorado,Mel Tucker,Mike MacIntyre,Mike MacIntyre,Mike MacIntyre,Mike MacIntyre,Mike MacIntyre,Mike MacIntyre,Jon Embree,Jon Embree,Dan Hawkins,Dan Hawkins,Dan Hawkins,Dan Hawkins,Dan Hawkins,Gary Barnett,Gary Barnett,Gary Barnett,Gary Barnett,Gary Barnett,Gary Barnett,Gary Barnett,Rick Neuheisel,Rick Neuheisel,Rick Neuheisel,Rick Neuheisel,Bill McCartney,Bill McCartney,Bill McCartney,Bill McCartney,Bill McCartney,Bill McCartney,Bill McCartney,Bill McCartney
Colorado State,Mike Bobo,Mike Bobo,Mike Bobo,Mike Bobo,Mike Bobo,Jim McElwain,Jim McElwain,Jim McElwain,Steve Fairchild,Steve Fairchild,Steve Fairchild,Steve Fairchild,Sonny Lubick,Sonny Lubick,Sonny Lubick,Sonny Lubick,Sonny Lubick,Sonny Lubick,Sonny Lubick,Sonny Lubick,Sonny Lubick,Sonny Lubick,Sonny Lubick,Sonny Lubick,Sonny Lubick,Sonny Lubick,Sonny Lubick,Earle Bruce,Earle Bruce,Earle Bruce,Earle Bruce,Leon Fuller,Leon Fuller
Connecticut,Randy Edsall,Randy Edsall,Randy Edsall,Bob Diaco,Bob Diaco,Bob Diaco,Paul Pasqualoni,Paul Pasqualoni,Paul Pasqualoni,Randy Edsall,Randy Edsall,Randy Edsall,Randy Edsall,Randy Edsall,Randy Edsall,Randy Edsall,Randy Edsall,Randy Edsall,Randy Edsall,Randy Edsall,Randy Edsall,Skip Holtz,Skip Holtz,Skip Holtz,Skip Holtz,Skip Holtz,Tom Jackson,Tom Jackson,Tom Jackson,Tom Jackson,Tom Jackson,Tom Jackson,Tom Jackson
Duke,David Cutcliffe,David Cutcliffe,David Cutcliffe,David Cutcliffe,David Cutcliffe,David Cutcliffe,David Cutcliffe,David Cutcliffe,David Cutcliffe,David Cutcliffe,David Cutcliffe,David Cutcliffe,Ted Roof,Ted Roof,Ted Roof,Ted Roof,Carl Franks,Carl Franks,Carl Franks,Carl Franks,Carl Franks,Fred Goldsmith,Fred Goldsmith,Fred Goldsmith,Fred Goldsmith,Fred Goldsmith,Barry Wilson,Barry Wilson,Barry Wilson,Barry Wilson,Steve Spurrier,Steve Spurrier,Steve Spurrier
East Carolina,Mike Houston,Scottie Montgomery,Scottie Montgomery,Scottie Montgomery,Ruffin McNeil,Ruffin McNeil,Ruffin McNeil,Ruffin McNeil,Ruffin McNeil,Ruffin McNeil,Skip Holtz,Skip Holtz,Skip Holtz,Skip Holtz,Skip Holtz,John Thompson,John Thompson,Steve Logan,Steve Logan,Steve Logan,Steve Logan,Steve Logan,Steve Logan,Steve Logan,Steve Logan,Steve Logan,Steve Logan,Steve Logan,Bill Lewis,Bill Lewis,Bill Lewis,Art Baker,Art Baker
Eastern Michigan,Chris Creighton,Chris Creighton,Chris Creighton,Chris Creighton,Chris Creighton,Chris Creighton,Ron English,Ron English,Ron English,Ron English,Ron English,Jeff Genyk,Jeff Genyk,Jeff Genyk,Jeff Genyk,Jeff Genyk,Jeff Woodruff,Jeff Woodruff,Jeff Woodruff,Jeff Woodruff,Rick Rasnick,Rick Rasnick,Rick Rasnick,Rick Rasnick,Rick Rasnick,Ron Cooper,Ron Cooper,Jim Harkema,Jim Harkema,Jim Harkema,Jim Harkema,Jim Harkema,Jim Harkema
Florida Atlantic,Lane Kiffin,Lane Kiffin,Lane Kiffin,Charlie Partridge,Charlie Partridge,Charlie Partridge,Carl Pelini,Carl Pelini,Howard Schnellenberger,Howard Schnellenberger,Howard Schnellenberger,Howard Schnellenberger,Howard Schnellenberger,Howard Schnellenberger,Howard Schnellenberger,Howard Schnellenberger,Howard Schnellenberger,Howard Schnellenberger,Howard Schnellenberger,No Team,No Team,No Team,No Team,No Team,No Team,No Team,No Team,No Team,No Team,No Team,No Team,No Team,No Team
Florida,Dan Mullen,Dan Mullen,Jim McElwain,Jim McElwain,Jim McElwain,Will Muschamp,Will Muschamp,Will Muschamp,Will Muschamp,Urban Meyer,Urban Meyer,Urban Meyer,Urban Meyer,Urban Meyer,Urban Meyer,Ron Zook,Ron Zook,Ron Zook,Steve Spurrier,Steve Spurrier,Steve Spurrier,Steve Spurrier,Steve Spurrier,Steve Spurrier,Steve Spurrier,Steve Spurrier,Steve Spurrier,Steve Spurrier,Steve Spurrier,Steve Spurrier,Galen Hall,Galen Hall,Galen Hall
Florida International,Butch Davis,Butch Davis,Butch Davis,Ron Turner,Ron Turner,Ron Turner,Ron Turner,Mario Cristobal,Mario Cristobal,Mario Cristobal,Mario Cristobal,Mario Cristobal,Mario Cristobal,Don Strock,Don Strock,Don Strock,Don Strock,Don Strock,No Team,No Team,No Team,No Team,No Team,No Team,No Team,No Team,No Team,No Team,No Team,No Team,No Team,No Team,No Team
Florida State,Willie Taggart,Willie Taggart,Jimbo Fisher,Jimbo Fisher,Jimbo Fisher,Jimbo Fisher,Jimbo Fisher,Jimbo Fisher,Jimbo Fisher,Jimbo Fisher,Bobby Bowden,Bobby Bowden,Bobby Bowden,Bobby Bowden,Bobby Bowden,Bobby Bowden,Bobby Bowden,Bobby Bowden,Bobby Bowden,Bobby Bowden,Bobby Bowden,Bobby Bowden,Bobby Bowden,Bobby Bowden,Bobby Bowden,Bobby Bowden,Bobby Bowden,Bobby Bowden,Bobby Bowden,Bobby Bowden,Bobby Bowden,Bobby Bowden,Bobby Bowden
Fresno State,Jeff Tedford,Jeff Tedford,Jeff Tedford,Tim DeRuyter,Tim DeRuyter,Tim DeRuyter,Tim DeRuyter,Tim DeRuyter,Pat Hill,Pat Hill,Pat Hill,Pat Hill,Pat Hill,Pat Hill,Pat Hill,Pat Hill,Pat Hill,Pat Hill,Pat Hill,Pat Hill,Pat Hill,Pat Hill,Pat Hill,Jim Sweeney,Jim Sweeney,Jim Sweeney,Jim Sweeney,Jim Sweeney,Jim Sweeney,Jim Sweeney,Jim Sweeney,Jim Sweeney,Jim Sweeney
Georgia,Kirby Smart,Kirby Smart,Kirby Smart,Kirby Smart,Mark Richt,Mark Richt,Mark Richt,Mark Richt,Mark Richt,Mark Richt,Mark Richt,Mark Richt,Mark Richt,Mark Richt,Mark Richt,Mark Richt,Mark Richt,Mark Richt,Mark Richt,Jim Donnan,Jim Donnan,Jim Donnan,Jim Donnan,Jim Donnan,Ray Goff,Ray Goff,Ray Goff,Ray Goff,Ray Goff,Ray Goff,Ray Goff,Vince Dooley,Vince Dooley
Georgia Southern,Chad Lunsford,Chad Lunsford,Tyson Summers,Tyson Summers,Willie Fritz,Willie Fritz,Jeff Monken,Jeff Monken,Jeff Monken,Jeff Monken,Chris Hatcher,Chris Hatcher,Chris Hatcher,Brian VanGorder,Mike Sewak,Mike Sewak,Mike Sewak,Mike Sewak,Paul Johnson,Paul Johnson,Paul Johnson,Paul Johnson,Paul Johnson,Frank Ellwood,Tim Stowers,Tim Stowers,Tim Stowers,Tim Stowers,Tim Stowers,Tim Stowers,Erk Russell,Erk Russell,Erk Russell
Georgia State,Shawn Elliott,Shawn Elliott,Shawn Elliott,Trent Miles,Trent Miles,Trent Miles,Trent Miles,Bill Curry,Bill Curry,Bill Curry,Bill Curry,Bill Curry,No Team,No Team,No Team,No Team,No Team,No Team,No Team,No Team,No Team,No Team,No Team,No Team,No Team,No Team,No Team,No Team,No Team,No Team,No Team,No Team,No Team
Georgia Tech,Geoff Collins,Paul Johnson,Paul Johnson,Paul Johnson,Paul Johnson,Paul Johnson,Paul Johnson,Paul Johnson,Paul Johnson,Paul Johnson,Paul Johnson,Paul Johnson,Chan Gailey,Chan Gailey,Chan Gailey,Chan Gailey,Chan Gailey,Chan Gailey,George O'Leary,George O'Leary,George O'Leary,George O'Leary,George O'Leary,George O'Leary,George O'Leary,Bill Lewis,Bill Lewis,Bill Lewis,Bobby Ross,Bobby Ross,Bobby Ross,Bobby Ross,Bobby Ross
Hawaii,Nick Rolovich,Nick Rolovich,Nick Rolovich,Nick Rolovich,Norm Chow,Norm Chow,Norm Chow,Norm Chow,Greg McMackin,Greg McMackin,Greg McMackin,Greg McMackin,June Jones,June Jones,June Jones,June Jones,June Jones,June Jones,June Jones,June Jones,June Jones,Fred von Appen,Fred von Appen,Fred von Appen,Bob Wagner,Bob Wagner,Bob Wagner,Bob Wagner,Bob Wagner,Bob Wagner,Bob Wagner,Bob Wagner,Bob Wagner
Houston,Dana Holgorsen,Major Applewhite,Major Applewhite,Tom Herman,Tom Herman,Tony Levine,Tony Levine,Tony Levine,Kevin Sumlin,Kevin Sumlin,Kevin Sumlin,Kevin Sumlin,Art Briles,Art Briles,Art Briles,Art Briles,Art Briles,Dana Dimel,Dana Dimel,Dana Dimel,Kim Helton,Kim Helton,Kim Helton,Kim Helton,Kim Helton,Kim Helton,Kim Helton,John Jenkins,John Jenkins,John Jenkins,Jack Pardee,Jack Pardee,Jack Pardee
Illinois,Lovie Smith,Lovie Smith,Lovie Smith,Lovie Smith,Bill Cubit,Tim Beckman,Tim Beckman,Tim Beckman,Ron Zook,Ron Zook,Ron Zook,Ron Zook,Ron Zook,Ron Zook,Ron Zook,Ron Turner,Ron Turner,Ron Turner,Ron Turner,Ron Turner,Ron Turner,Ron Turner,Ron Turner,Lou Tepper,Lou Tepper,Lou Tepper,Lou Tepper,Lou Tepper,Lou Tepper,John Mackovic,John Mackovic,John Mackovic,Mike White
Indiana,Tom Allen,Tom Allen,Tom Allen,Kevin Wilson,Kevin Wilson,Kevin Wilson,Kevin Wilson,Kevin Wilson,Kevin Wilson,Bill Lynch,Bill Lynch,Bill Lynch,Bill Lynch,Terry Hoeppner,Terry Hoeppner,Gerry DiNardo,Gerry DiNardo,Gerry DiNardo,Cam Cameron,Cam Cameron,Cam Cameron,Cam Cameron,Cam Cameron,Bill Mallory,Bill Mallory,Bill Mallory,Bill Mallory,Bill Mallory,Bill Mallory,Bill Mallory,Bill Mallory,Bill Mallory,Bill Mallory
Iowa,Kirk Ferentz,Kirk Ferentz,Kirk Ferentz,Kirk Ferentz,Kirk Ferentz,Kirk Ferentz,Kirk Ferentz,Kirk Ferentz,Kirk Ferentz,Kirk Ferentz,Kirk Ferentz,Kirk Ferentz,Kirk Ferentz,Kirk Ferentz,Kirk Ferentz,Kirk Ferentz,Kirk Ferentz,Kirk Ferentz,Kirk Ferentz,Kirk Ferentz,Kirk Ferentz,Hayden Fry,Hayden Fry,Hayden Fry,Hayden Fry,Hayden Fry,Hayden Fry,Hayden Fry,Hayden Fry,Hayden Fry,Hayden Fry,Hayden Fry,Hayden Fry
Iowa State,Matt Campbell,Matt Campbell,Matt Campbell,Matt Campbell,Paul Rhoads,Paul Rhoads,Paul Rhoads,Paul Rhoads,Paul Rhoads,Paul Rhoads,Paul Rhoads,Gene Chizik,Gene Chizik,Dan McCarney,Dan McCarney,Dan McCarney,Dan McCarney,Dan McCarney,Dan McCarney,Dan McCarney,Dan McCarney,Dan McCarney,Dan McCarney,Dan McCarney,Dan McCarney,Jim Walden,Jim Walden,Jim Walden,Jim Walden,Jim Walden,Jim Walden,Jim Walden,Jim Walden
Kansas,Les Miles,David Beaty,David Beaty,David Beaty,David Beaty,Charlie Weis,Charlie Weis,Charlie Weis,Turner Gill,Turner Gill,Mark Mangino,Mark Mangino,Mark Mangino,Mark Mangino,Mark Mangino,Mark Mangino,Mark Mangino,Mark Mangino,Terry Allen,Terry Allen,Terry Allen,Terry Allen,Terry Allen,Glen Mason,Glen Mason,Glen Mason,Glen Mason,Glen Mason,Glen Mason,Glen Mason,Glen Mason,Glen Mason,Bob Valesente
Kansas State,Chris Klieman,Bill Snyder,Bill Snyder,Bill Snyder,Bill Snyder,Bill Snyder,Bill Snyder,Bill Snyder,Bill Snyder,Bill Snyder,Bill Snyder,Ron Prince,Ron Prince,Ron Prince,Bill Snyder,Bill Snyder,Bill Snyder,Bill Snyder,Bill Snyder,Bill Snyder,Bill Snyder,Bill Snyder,Bill Snyder,Bill Snyder,Bill Snyder,Bill Snyder,Bill Snyder,Bill Snyder,Bill Snyder,Bill Snyder,Bill Snyder,Stan Parrish,Stan Parrish
Kent State,Sean Lewis,Sean Lewis,Paul Haynes,Paul Haynes,Paul Haynes,Paul Haynes,Paul Haynes,Darrell Hazell,Darrell Hazell,Doug Martin,Doug Martin,Doug Martin,Doug Martin,Doug Martin,Doug Martin,Doug Martin,Dean Pees,Dean Pees,Dean Pees,Dean Pees,Dean Pees,Dean Pees,Jim Corrigall,Jim Corrigall,Jim Corrigall,Jim Corrigall,Pete Cordelli,Pete Cordelli,Pete Cordelli,Dick Crum,Dick Crum,Dick Crum,Glen Mason
Kentucky,Mark Stoops,Mark Stoops,Mark Stoops,Mark Stoops,Mark Stoops,Mark Stoops,Mark Stoops,Joker Phillips,Joker Phillips,Joker Phillips,Rick Brooks,Rick Brooks,Rick Brooks,Rick Brooks,Rick Brooks,Rick Brooks,Rick Brooks,Guy Morriss,Guy Morriss,Hal Mumme,Hal Mumme,Hal Mumme,Hal Mumme,Bill Curry,Bill Curry,Bill Curry,Bill Curry,Bill Curry,Bill Curry,Bill Curry,Jerry Claiborne,Jerry Claiborne,Jerry Claiborne
Liberty,Hugh Freeze,Turner Gill,Turner Gill,Turner Gill,Turner Gill,Turner Gill,Turner Gill,Turner Gill,Danny Rocco,Danny Rocco,Danny Rocco,Danny Rocco,Danny Rocco,Danny Rocco,Ken Karcher,Ken Karcher,Ken Karcher,Ken Karcher,Ken Karcher,Ken Karcher,Sam Rutigliano,Sam Rutigliano,Sam Rutigliano,Sam Rutigliano,Sam Rutigliano,Sam Rutigliano,Sam Rutigliano,Sam Rutigliano,Sam Rutigliano,Sam Rutigliano,Sam Rutigliano,Morgan Hout,Morgan Hout
Louisiana Tech,Skip Holtz,Skip Holtz,Skip Holtz,Skip Holtz,Skip Holtz,Skip Holtz,Skip Holtz,Sonny Dykes,Sonny Dykes,Sonny Dykes,Derek Dooley,Derek Dooley,Derek Dooley,Jack Bicknell Jr,Jack Bicknell Jr,Jack Bicknell Jr,Jack Bicknell Jr,Jack Bicknell Jr,Jack Bicknell Jr,Jack Bicknell Jr,Jack Bicknell Jr,Gary Crowton,Gary Crowton,Gary Crowton,Joe Raymond Peace,Joe Raymond Peace,Joe Raymond Peace,Joe Raymond Peace,Joe Raymond Peace,Joe Raymond Peace,Joe Raymond Peace,Joe Raymond Peace,Carl Torbush
Louisiana-Lafayette,Billy Napier,Billy Napier,Mark Hudspeth,Mark Hudspeth,Mark Hudspeth,Mark Hudspeth,Mark Hudspeth,Mark Hudspeth,Mark Hudspeth,Rickey Bustle,Rickey Bustle,Rickey Bustle,Rickey Bustle,Rickey Bustle,Rickey Bustle,Rickey Bustle,Rickey Bustle,Rickey Bustle,Jerry Baldwin,Jerry Baldwin,Jerry Baldwin,Nelson Stokley,Nelson Stokley,Nelson Stokley,Nelson Stokley,Nelson Stokley,Nelson Stokley,Nelson Stokley,Nelson Stokley,Nelson Stokley,Nelson Stokley,Nelson Stokley,Nelson Stokley
Louisiana-Monroe,Matt Viator,Matt Viator,Matt Viator,Matt Viator,Todd Berry,Todd Berry,Todd Berry,Todd Berry,Todd Berry,Todd Berry,Charlie Weatherbie,Charlie Weatherbie,Charlie Weatherbie,Charlie Weatherbie,Charlie Weatherbie,Charlie Weatherbie,Charlie Weatherbie,Mike Collins,Bobby Keasler,Bobby Keasler,Bobby Keasler,Ed Zaunbrecher,Ed Zaunbrecher,Ed Zaunbrecher,Ed Zaunbrecher,Ed Zaunbrecher,Dave Roberts,Dave Roberts,Dave Roberts,Dave Roberts,Dave Roberts,Pat Collins,Pat Collins
Louisville,Scott Satterfeld,Bobby Petrino,Bobby Petrino,Bobby Petrino,Bobby Petrino,Bobby Petrino,Charlie Strong,Charlie Strong,Charlie Strong,Charlie Strong,Steve Kragthorpe,Steve Kragthorpe,Steve Kragthorpe,Bobby Petrino,Bobby Petrino,Bobby Petrino,Bobby Petrino,John L Smith,John L Smith,John L Smith,John L Smith,John L Smith,Ron Cooper,Ron Cooper,Ron Cooper,Howard Schnellenberger,Howard Schnellenberger,Howard Schnellenberger,Howard Schnellenberger,Howard Schnellenberger,Howard Schnellenberger,Howard Schnellenberger,Howard Schnellenberger
LSU,Ed Orgeron,Ed Orgeron,Ed Orgeron,Les Miles,Les Miles,Les Miles,Les Miles,Les Miles,Les Miles,Les Miles,Les Miles,Les Miles,Les Miles,Les Miles,Les Miles,Nick Saban,Nick Saban,Nick Saban,Nick Saban,Nick Saban,Gerry Dinardo,Gerry Dinardo,Gerry Dinardo,Gerry Dinardo,Gerry Dinardo,Curley Hallman,Curley Hallman,Curley Hallman,Curley Hallman,Mike Archer,Mike Archer,Mike Archer,Mike Archer
Marshall,Doc Holliday,Doc Holliday,Doc Holliday,Doc Holliday,Doc Holliday,Doc Holliday,Doc Holliday,Doc Holliday,Doc Holliday,Doc Holliday,Mark Snyder,Mark Snyder,Mark Snyder,Mark Snyder,Mark Snyder,Bob Pruett,Bob Pruett,Bob Pruett,Bob Pruett,Bob Pruett,Bob Pruett,Bob Pruett,Bob Pruett,Bob Pruett,Jim Donnan,Jim Donnan,Jim Donnan,Jim Donnan,Jim Donnan,Jim Donnan,George Chaump,George Chaump,George Chaump
Maryland,Mike Locksley,D.J. Durkin,D.J. Durkin,D.J. Durkin,Randy Edsall,Randy Edsall,Randy Edsall,Randy Edsall,Randy Edsall,Ralph Friedgen,Ralph Friedgen,Ralph Friedgen,Ralph Friedgen,Ralph Friedgen,Ralph Friedgen,Ralph Friedgen,Ralph Friedgen,Ralph Friedgen,Ralph Friedgen,Ron Vanderlinden,Ron Vanderlinden,Ron Vanderlinden,Ron Vanderlinden,Mark Duffner,Mark Duffner,Mark Duffner,Mark Duffner,Mark Duffner,Joe Krivak,Joe Krivak,Joe Krivak,Joe Krivak,Joe Krivak
Massachusetts,Walt Bell,Mark Whipple,Mark Whipple,Mark Whipple,Mark Whipple,Mark Whipple,Charley Molnar,Charley Molnar,Kevin Morris,Kevin Morris,Kevin Morris,Don Brown,Don Brown,Don Brown,Don Brown,Don Brown,Mark Whipple,Mark Whipple,Mark Whipple,Mark Whipple,Mark Whipple,Mark Whipple,Mike Hodges,Mike Hodges,Mike Hodges,Mike Hodges,Mike Hodges,Mike Hodges,Jim Reid,Jim Reid,Jim Reid,Jim Reid,Jim Reid
Memphis,Mike Norvell,Mike Norvell,Mike Norvell,Mike Norvell,Justin Fuente,Justin Fuente,Justin Fuente,Justin Fuente,Larry Porter,Larry Porter,Tommy West,Tommy West,Tommy West,Tommy West,Tommy West,Tommy West,Tommy West,Tommy West,Tommy West,Rip Scherer,Rip Scherer,Rip Scherer,Rip Scherer,Rip Scherer,Rip Scherer,Chuck Stobart,Chuck Stobart,Chuck Stobart,Chuck Stobart,Chuck Stobart,Charlie Bailey,Charlie Bailey,Charlie Bailey
Miami,Manny Diaz,Mark Richt,Mark Richt,Mark Richt,Al Golden,Al Golden,Al Golden,Al Golden,Al Golden,Randy Shannon,Randy Shannon,Randy Shannon,Randy Shannon,Larry Coker,Larry Coker,Larry Coker,Larry Coker,Larry Coker,Larry Coker,Butch Davis,Butch Davis,Butch Davis,Butch Davis,Butch Davis,Butch Davis,Dennis Erickson,Dennis Erickson,Dennis Erickson,Dennis Erickson,Dennis Erickson,Dennis Erickson,Jimmy Johnson,Jimmy Johnson
Miami OH,Chuck Martin,Chuck Martin,Chuck Martin,Chuck Martin,Chuck Martin,Chuck Martin,Don Treadwell,Don Treadwell,Don Treadwell,Mike Haywood,Mike Haywood,Shane Montgomery,Shane Montgomery,Shane Montgomery,Shane Montgomery,Terry Hoeppner,Terry Hoeppner,Terry Hoeppner,Terry Hoeppner,Terry Hoeppner,Terry Hoeppner,Randy Walker,Randy Walker,Randy Walker,Randy Walker,Randy Walker,Randy Walker,Randy Walker,Randy Walker,Randy Walker,Tim Rose,Tim Rose,Tim Rose
Michigan State,Mark Dantonio,Mark Dantonio,Mark Dantonio,Mark Dantonio,Mark Dantonio,Mark Dantonio,Mark Dantonio,Mark Dantonio,Mark Dantonio,Mark Dantonio,Mark Dantonio,Mark Dantonio,Mark Dantonio,John L Smith,John L Smith,John L Smith,John L Smith,Bobby Williams,Bobby Williams,Bobby Williams,Nick Saban,Nick Saban,Nick Saban,Nick Saban,Nick Saban,George Perles,George Perles,George Perles,George Perles,George Perles,George Perles,George Perles,George Perles
Michigan,Jim Harbaugh,Jim Harbaugh,Jim Harbaugh,Jim Harbaugh,Jim Harbaugh,Brady Hoke,Brady Hoke,Brady Hoke,Brady Hoke,Rich Rodriguez,Rich Rodriguez,Rich Rodriguez,Lloyd Carr,Lloyd Carr,Lloyd Carr,Lloyd Carr,Lloyd Carr,Lloyd Carr,Lloyd Carr,Lloyd Carr,Lloyd Carr,Lloyd Carr,Lloyd Carr,Lloyd Carr,Lloyd Carr,Gary Moeller,Gary Moeller,Gary Moeller,Gary Moeller,Gary Moeller,Bo Schembechler,Bo Schembechler,Bo Schembechler
Middle Tennessee,Rick Stockstill,Rick Stockstill,Rick Stockstill,Rick Stockstill,Rick Stockstill,Rick Stockstill,Rick Stockstill,Rick Stockstill,Rick Stockstill,Rick Stockstill,Rick Stockstill,Rick Stockstill,Rick Stockstill,Rick Stockstill,Andy McCollum,Andy McCollum,Andy McCollum,Andy McCollum,Andy McCollum,Andy McCollum,Andy McCollum,James F Donnelly,James F Donnelly,James F Donnelly,James F Donnelly,James F Donnelly,James F Donnelly,James F Donnelly,James F Donnelly,James F Donnelly,James F Donnelly,James F Donnelly,James F Donnelly
Minnesota,P. J. Fleck,P. J. Fleck,P. J. Fleck,Tracy Claeys,Jerry Kill,Jerry Kill,Jerry Kill,Jerry Kill,Jerry Kill,Tim Brewster,Tim Brewster,Tim Brewster,Tim Brewster,Glen Mason,Glen Mason,Glen Mason,Glen Mason,Glen Mason,Glen Mason,Glen Mason,Glen Mason,Glen Mason,Glen Mason,Jim Wacker,Jim Wacker,Jim Wacker,Jim Wacker,Jim Wacker,John Gutekunst,John Gutekunst,John Gutekunst,John Gutekunst,John Gutekunst
Mississippi State,Joe Moorhead,Joe Moorhead,Dan Mullen,Dan Mullen,Dan Mullen,Dan Mullen,Dan Mullen,Dan Mullen,Dan Mullen,Dan Mullen,Dan Mullen,Sylvester Croom,Sylvester Croom,Sylvester Croom,Sylvester Croom,Sylvester Croom,Jackie Sherrill,Jackie Sherrill,Jackie Sherrill,Jackie Sherrill,Jackie Sherrill,Jackie Sherrill,Jackie Sherrill,Jackie Sherrill,Jackie Sherrill,Jackie Sherrill,Jackie Sherrill,Jackie Sherrill,Jackie Sherrill,Rockey Felker,Rockey Felker,Rockey Felker,Rockey Felker
Missouri,Barry Odom,Barry Odom,Barry Odom,Barry Odom,Gary Pinkel,Gary Pinkel,Gary Pinkel,Gary Pinkel,Gary Pinkel,Gary Pinkel,Gary Pinkel,Gary Pinkel,Gary Pinkel,Gary Pinkel,Gary Pinkel,Gary Pinkel,Gary Pinkel,Gary Pinkel,Gary Pinkel,Larry Smith,Larry Smith,Larry Smith,Larry Smith,Larry Smith,Larry Smith,Larry Smith,Bob Stull,Bob Stull,Bob Stull,Bob Stull,Bob Stull,Woody Widenhofer,Woody Widenhofer
Navy,Ken Niumatalolo,Ken Niumatalolo,Ken Niumatalolo,Ken Niumatalolo,Ken Niumatalolo,Ken Niumatalolo,Ken Niumatalolo,Ken Niumatalolo,Ken Niumatalolo,Ken Niumatalolo,Ken Niumatalolo,Ken Niumatalolo,Paul Johnson,Paul Johnson,Paul Johnson,Paul Johnson,Paul Johnson,Paul Johnson,Charlie Weatherbie,Charlie Weatherbie,Charlie Weatherbie,Charlie Weatherbie,Charlie Weatherbie,Charlie Weatherbie,Charlie Weatherbie,George Chaump,George Chaump,George Chaump,George Chaump,George Chaump,Elliot Uzelac,Elliot Uzelac,Elliot Uzelac
NC State,Dave Doeren,Dave Doeren,Dave Doeren,Dave Doeren,Dave Doeren,Dave Doeren,Dave Doeren,Tom O'Brien,Tom O'Brien,Tom O'Brien,Tom O'Brien,Tom O'Brien,Tom O'Brien,Chuck Amato,Chuck Amato,Chuck Amato,Chuck Amato,Chuck Amato,Chuck Amato,Chuck Amato,Mike O'Cain,Mike O'Cain,Mike O'Cain,Mike O'Cain,Mike O'Cain,Mike O'Cain,Mike O'Cain,Dick Sheridan,Dick Sheridan,Dick Sheridan,Dick Sheridan,Dick Sheridan,Dick Sheridan
Nebraska,Scott Frost,Scott Frost,Mike Riley,Mike Riley,Mike Riley,Bo Pelini,Bo Pelini,Bo Pelini,Bo Pelini,Bo Pelini,Bo Pelini,Bo Pelini,Bill Callahan,Bill Callahan,Bill Callahan,Bill Callahan,Frank Solich,Frank Solich,Frank Solich,Frank Solich,Frank Solich,Frank Solich,Tom Osborne,Tom Osborne,Tom Osborne,Tom Osborne,Tom Osborne,Tom Osborne,Tom Osborne,Tom Osborne,Tom Osborne,Tom Osborne,Tom Osborne
Nevada,Jay Norvell,Jay Norvell,Jay Norvell,Brian Polian,Brian Polian,Brian Polian,Brian Polian,Chris Ault,Chris Ault,Chris Ault,Chris Ault,Chris Ault,Chris Ault,Chris Ault,Chris Ault,Chris Ault,Chris Tormey,Chris Tormey,Chris Tormey,Chris Tormey,Jeff Tisdel,Jeff Tisdel,Jeff Tisdel,Jeff Tisdel,Chris Ault,Chris Ault,Jeff Horton,Chris Ault,Chris Ault,Chris Ault,Chris Ault,Chris Ault,Chris Ault
New Mexico,Bob Davie,Bob Davie,Bob Davie,Bob Davie,Bob Davie,Bob Davie,Bob Davie,Bob Davie,George Barlow,Mike Locksley,Mike Locksley,Rocky Long,Rocky Long,Rocky Long,Rocky Long,Rocky Long,Rocky Long,Rocky Long,Rocky Long,Rocky Long,Rocky Long,Rocky Long,Dennis Franchione,Dennis Franchione,Dennis Franchione,Dennis Franchione,Dennis Franchione,Dennis Franchione,Mike Sheppard,Mike Sheppard,Mike Sheppard,Mike Sheppard,Mike Sheppard
New Mexico State,Doug Martin,Doug Martin,Doug Martin,Doug Martin,Doug Martin,Doug Martin,Doug Martin,DeWayne Walker,DeWayne Walker,DeWayne Walker,DeWayne Walker,Hal Mumme,Hal Mumme,Hal Mumme,Hal Mumme,Tony Samuel,Tony Samuel,Tony Samuel,Tony Samuel,Tony Samuel,Tony Samuel,Tony Samuel,Tony Samuel,Jim Hess,Jim Hess,Jim Hess,Jim Hess,Jim Hess,Jim Hess,Jim Hess,Mike Knoll,Mike Knoll,Mike Knoll
Northern Illinois,Thomas Hammock,Rod Carey,Rod Carey,Rod Carey,Rod Carey,Rod Carey,Rod Carey,Dave Doeren,Dave Doeren,Jerry Kill,Jerry Kill,Jerry Kill,Joe Novak,Joe Novak,Joe Novak,Joe Novak,Joe Novak,Joe Novak,Joe Novak,Joe Novak,Joe Novak,Joe Novak,Joe Novak,Joe Novak,Charlie Sadler,Charlie Sadler,Charlie Sadler,Charlie Sadler,Charlie Sadler,Jerry Pettibone,Jerry Pettibone,Jerry Pettibone,Jerry Pettibone
North Carolina,Mack Brown,Larry Fedora,Larry Fedora,Larry Fedora,Larry Fedora,Larry Fedora,Larry Fedora,Larry Fedora,Everett Withers,Butch Davis,Butch Davis,Butch Davis,Butch Davis,John Bunting,John Bunting,John Bunting,John Bunting,John Bunting,John Bunting,Carl Torbush,Carl Torbush,Carl Torbush,Mack Brown,Mack Brown,Mack Brown,Mack Brown,Mack Brown,Mack Brown,Mack Brown,Mack Brown,Mack Brown,Mack Brown,Dick Crum
North Texas,Seth Littrell,Seth Littrell,Seth Littrell,Seth Littrell,Dan McCarney,Dan McCarney,Dan McCarney,Dan McCarney,Dan McCarney,Todd Dodge,Todd Dodge,Todd Dodge,Todd Dodge,Darrell Dickey,Darrell Dickey,Darrell Dickey,Darrell Dickey,Darrell Dickey,Darrell Dickey,Darrell Dickey,Darrell Dickey,Darrell Dickey,Matt Simon,Matt Simon,Matt Simon,Matt Simon,Dennis Parker,Dennis Parker,Dennis Parker,Corky Nelson,Corky Nelson,Corky Nelson,Corky Nelson
Northwestern,Pat Fitzgerald,Pat Fitzgerald,Pat Fitzgerald,Pat Fitzgerald,Pat Fitzgerald,Pat Fitzgerald,Pat Fitzgerald,Pat Fitzgerald,Pat Fitzgerald,Pat Fitzgerald,Pat Fitzgerald,Pat Fitzgerald,Pat Fitzgerald,Pat Fitzgerald,Randy Walker,Randy Walker,Randy Walker,Randy Walker,Randy Walker,Randy Walker,Randy Walker,Gary Barnett,Gary Barnett,Gary Barnett,Gary Barnett,Gary Barnett,Gary Barnett,Gary Barnett,Francis Peay,Francis Peay,Francis Peay,Francis Peay,Francis Peay
Notre Dame,Brian Kelly,Brian Kelly,Brian Kelly,Brian Kelly,Brian Kelly,Brian Kelly,Brian Kelly,Brian Kelly,Brian Kelly,Brian Kelly,Charlie Weis,Charlie Weis,Charlie Weis,Charlie Weis,Charlie Weis,Tyrone Willingham,Tyrone Willingham,Tyrone Willingham,Bob Davie,Bob Davie,Bob Davie,Bob Davie,Bob Davie,Lou Holtz,Lou Holtz,Lou Holtz,Lou Holtz,Lou Holtz,Lou Holtz,Lou Holtz,Lou Holtz,Lou Holtz,Lou Holtz
Ohio,Frank Solich,Frank Solich,Frank Solich,Frank Solich,Frank Solich,Frank Solich,Frank Solich,Frank Solich,Frank Solich,Frank Solich,Frank Solich,Frank Solich,Frank Solich,Frank Solich,Frank Solich,Brian Knorr,Brian Knorr,Brian Knorr,Brian Knorr,Jim Grobe,Jim Grobe,Jim Grobe,Jim Grobe,Jim Grobe,Jim Grobe,Tom Lichtenberg,Tom Lichtenberg,Tom Lichtenberg,Tom Lichtenberg,Tom Lichtenberg,Cleve Bryant,Cleve Bryant,Cleve Bryant
Ohio State,Ryan Day,Urban Meyer,Urban Meyer,Urban Meyer,Urban Meyer,Urban Meyer,Urban Meyer,Urban Meyer,Luke Fickell,Jim Tressel,Jim Tressel,Jim Tressel,Jim Tressel,Jim Tressel,Jim Tressel,Jim Tressel,Jim Tressel,Jim Tressel,Jim Tressel,John Cooper,John Cooper,John Cooper,John Cooper,John Cooper,John Cooper,John Cooper,John Cooper,John Cooper,John Cooper,John Cooper,John Cooper,John Cooper,Earle Bruce
Oklahoma,Lincoln Riley,Lincoln Riley,Lincoln Riley,Bob Stoops,Bob Stoops,Bob Stoops,Bob Stoops,Bob Stoops,Bob Stoops,Bob Stoops,Bob Stoops,Bob Stoops,Bob Stoops,Bob Stoops,Bob Stoops,Bob Stoops,Bob Stoops,Bob Stoops,Bob Stoops,Bob Stoops,Bob Stoops,John Blake,John Blake,John Blake,Howard Schnellenberger,Gary Gibbs,Gary Gibbs,Gary Gibbs,Gary Gibbs,Gary Gibbs,Gary Gibbs,Barry Switzer,Barry Switzer
Oklahoma State,Mike Gundy,Mike Gundy,Mike Gundy,Mike Gundy,Mike Gundy,Mike Gundy,Mike Gundy,Mike Gundy,Mike Gundy,Mike Gundy,Mike Gundy,Mike Gundy,Mike Gundy,Mike Gundy,Mike Gundy,Les Miles,Les Miles,Les Miles,Les Miles,Bob Simmons,Bob Simmons,Bob Simmons,Bob Simmons,Bob Simmons,Bob Simmons,Pat Jones,Pat Jones,Pat Jones,Pat Jones,Pat Jones,Pat Jones,Pat Jones,Pat Jones
Old Dominion,Bobby Wilder,Bobby Wilder,Bobby Wilder,Bobby Wilder,Bobby Wilder,Bobby Wilder,Bobby Wilder,Bobby Wilder,Bobby Wilder,Bobby Wilder,Bobby Wilder,No Team,No Team,No Team,No Team,No Team,No Team,No Team,No Team,No Team,No Team,No Team,No Team,No Team,No Team,No Team,No Team,No Team,No Team,No Team,No Team,No Team,No Team
Ole Miss,Matt Luke,Matt Luke,Matt Luke,Hugh Freeze,Hugh Freeze,Hugh Freeze,Hugh Freeze,Hugh Freeze,Houston Nutt,Houston Nutt,Houston Nutt,Houston Nutt,Ed Orgeron,Ed Orgeron,Ed Orgeron,David Cutcliffe,David Cutcliffe,David Cutcliffe,David Cutcliffe,David Cutcliffe,David Cutcliffe,Tommy Tuberville,Tommy Tuberville,Tommy Tuberville,Tommy Tuberville,Joe Lee Dunn,Billy Brewer,Billy Brewer,Billy Brewer,Billy Brewer,Billy Brewer,Billy Brewer,Billy Brewer
Oregon,Mario Cristobal,Mario Cristobal,Willie Taggart,Mark Helfrich,Mark Helfrich,Mark Helfrich,Mark Helfrich,Chip Kelly,Chip Kelly,Chip Kelly,Chip Kelly,Mike Bellotti,Mike Bellotti,Mike Bellotti,Mike Bellotti,Mike Bellotti,Mike Bellotti,Mike Bellotti,Mike Bellotti,Mike Bellotti,Mike Bellotti,Mike Bellotti,Mike Bellotti,Mike Bellotti,Mike Bellotti,Rich Brooks,Rich Brooks,Rich Brooks,Rich Brooks,Rich Brooks,Rich Brooks,Rich Brooks,Rich Brooks
Oregon State,Jonathan Smith,Jonathan Smith,Gary Andersen,Gary Andersen,Gary Andersen,Mike Riley,Mike Riley,Mike Riley,Mike Riley,Mike Riley,Mike Riley,Mike Riley,Mike Riley,Mike Riley,Mike Riley,Mike Riley,Mike Riley,Dennis Erickson,Dennis Erickson,Dennis Erickson,Dennis Erickson,Mike Riley,Mike Riley,Jerry Pettibone,Jerry Pettibone,Jerry Pettibone,Jerry Pettibone,Jerry Pettibone,Jerry Pettibone,Dave Kragthorpe,Dave Kragthorpe,Dave Kragthorpe,Dave Kragthorpe
Penn State,James Franklin,James Franklin,James Franklin,James Franklin,James Franklin,James Franklin,Bill O'Brien,Bill O'Brien,Joe Paterno,Joe Paterno,Joe Paterno,Joe Paterno,Joe Paterno,Joe Paterno,Joe Paterno,Joe Paterno,Joe Paterno,Joe Paterno,Joe Paterno,Joe Paterno,Joe Paterno,Joe Paterno,Joe Paterno,Joe Paterno,Joe Paterno,Joe Paterno,Joe Paterno,Joe Paterno,Joe Paterno,Joe Paterno,Joe Paterno,Joe Paterno,Joe Paterno
Pittsburgh,Pat Narduzzi,Pat Narduzzi,Pat Narduzzi,Pat Narduzzi,Pat Narduzzi,Paul Chryst,Paul Chryst,Paul Chryst,Todd Graham,Dave Wannstedt,Dave Wannstedt,Dave Wannstedt,Dave Wannstedt,Dave Wannstedt,Dave Wannstedt,Walt Harris,Walt Harris,Walt Harris,Walt Harris,Walt Harris,Walt Harris,Walt Harris,Walt Harris,Johnny Majors,Johnny Majors,Johnny Majors,Johnny Majors,Paul Hackett,Paul Hackett,Paul Hackett,Mike Gottfried,Mike Gottfried,Mike Gottfried
Purdue,Jeff Brohm,Jeff Brohm,Jeff Brohm,Darrell Hazell,Darrell Hazell,Darrell Hazell,Darrell Hazell,Danny Hope,Danny Hope,Danny Hope,Danny Hope,Joe Tiller,Joe Tiller,Joe Tiller,Joe Tiller,Joe Tiller,Joe Tiller,Joe Tiller,Joe Tiller,Joe Tiller,Joe Tiller,Joe Tiller,Joe Tiller,Jim Colletto,Jim Colletto,Jim Colletto,Jim Colletto,Jim Colletto,Jim Colletto,Fred Akers,Fred Akers,Fred Akers,Fred Akers
Rice,Mike Bloomgren,Mike Bloomgren,David Bailiff,David Bailiff,David Bailiff,David Bailiff,David Bailiff,David Bailiff,David Bailiff,David Bailiff,David Bailiff,David Bailiff,David Bailiff,Todd Graham,Ken Hatfield,Ken Hatfield,Ken Hatfield,Ken Hatfield,Ken Hatfield,Ken Hatfield,Ken Hatfield,Ken Hatfield,Ken Hatfield,Ken Hatfield,Ken Hatfield,Ken Hatfield,Fred Goldsmith,Fred Goldsmith,Fred Goldsmith,Fred Goldsmith,Fred Goldsmith,Jerry Berndt,Jerry Berndt
Rutgers,Chris Ash,Chris Ash,Chris Ash,Chris Ash,Kyle Flood,Kyle Flood,Kyle Flood,Kyle Flood,Greg Schiano,Greg Schiano,Greg Schiano,Greg Schiano,Greg Schiano,Greg Schiano,Greg Schiano,Greg Schiano,Greg Schiano,Greg Schiano,Greg Schiano,Terry Shea,Terry Shea,Terry Shea,Terry Shea,Terry Shea,Doug Graber,Doug Graber,Doug Graber,Doug Graber,Doug Graber,Doug Graber,Dick Anderson,Dick Anderson,Dick Anderson
San Diego State,Rocky Long,Rocky Long,Rocky Long,Rocky Long,Rocky Long,Rocky Long,Rocky Long,Rocky Long,Rocky Long,Brady Hoke,Brady Hoke,Chuck Long,Chuck Long,Chuck Long,Tom Craft,Tom Craft,Tom Craft,Tom Craft,Ted Tollner,Ted Tollner,Ted Tollner,Ted Tollner,Ted Tollner,Ted Tollner,Ted Tollner,Ted Tollner,Al Luginbill,Al Luginbill,Al Luginbill,Al Luginbill,Al Luginbill,Denny Stolz,Denny Stolz
San Jose State,Brent Brennan,Brent Brennan,Brent Brennan,Ron Caragher,Ron Caragher,Ron Caragher,Ron Caragher,Mike MacIntyre,Mike MacIntyre,Mike MacIntyre,Dick Tomey,Dick Tomey,Dick Tomey,Dick Tomey,Dick Tomey,Fitz Hill,Fitz Hill,Fitz Hill,Fitz Hill,Dave Baldwin,Dave Baldwin,Dave Baldwin,Dave Baldwin,John Ralston,John Ralston,John Ralston,John Ralston,Ron Turner,Terry Shea,Terry Shea,Claude Gilbert,Claude Gilbert,Claude Gilbert
SMU,Sonny Dykes,Sonny Dykes,Chad Morris,Chad Morris,Chad Morris,June Jones,June Jones,June Jones,June Jones,June Jones,June Jones,June Jones,Phil Bennett,Phil Bennett,Phil Bennett,Phil Bennett,Phil Bennett,Phil Bennett,Mike Cavan,Mike Cavan,Mike Cavan,Mike Cavan,Mike Cavan,Tom Rossley,Tom Rossley,Tom Rossley,Tom Rossley,Tom Rossley,Tom Rossley,Forrest Gregg,Forrest Gregg,Vacant,Vacant
South Alabama,Steve Campbell,Steve Campbell,Joey Jones,Joey Jones,Joey Jones,Joey Jones,Joey Jones,Joey Jones,Joey Jones,Joey Jones,Joey Jones,No Team,No Team,No Team,No Team,No Team,No Team,No Team,No Team,No Team,No Team,No Team,No Team,No Team,No Team,No Team,No Team,No Team,No Team,No Team,No Team,No Team,No Team
South Carolina,Will Muschamp,Will Muschamp,Will Muschamp,Will Muschamp,Steve Spurrier,Steve Spurrier,Steve Spurrier,Steve Spurrier,Steve Spurrier,Steve Spurrier,Steve Spurrier,Steve Spurrier,Steve Spurrier,Steve Spurrier,Steve Spurrier,Lou Holtz,Lou Holtz,Lou Holtz,Lou Holtz,Lou Holtz,Lou Holtz,Brad Scott,Brad Scott,Brad Scott,Brad Scott,Brad Scott,Sparky Woods,Sparky Woods,Sparky Woods,Sparky Woods,Sparky Woods,Joe Morrison,Joe Morrison
South Florida,Charlie Strong,Charlie Strong,Charlie Strong,Willie Taggart,Willie Taggart,Willie Taggart,Willie Taggart,Skip Holtz,Skip Holtz,Skip Holtz,Jim Leavitt,Jim Leavitt,Jim Leavitt,Jim Leavitt,Jim Leavitt,Jim Leavitt,Jim Leavitt,Jim Leavitt,Jim Leavitt,Jim Leavitt,Jim Leavitt,Jim Leavitt,Jim Leavitt,No Team,No Team,No Team,No Team,No Team,No Team,No Team,No Team,No Team,No Team
Southern Miss,Jay Hopson,Jay Hopson,Jay Hopson,Jay Hopson,Todd Monken,Todd Monken,Todd Monken,Ellis Johnson,Larry Fedora,Larry Fedora,Larry Fedora,Larry Fedora,Jeff Bower,Jeff Bower,Jeff Bower,Jeff Bower,Jeff Bower,Jeff Bower,Jeff Bower,Jeff Bower,Jeff Bower,Jeff Bower,Jeff Bower,Jeff Bower,Jeff Bower,Jeff Bower,Jeff Bower,Jeff Bower,Jeff Bower,Curley Hallman,Curley Hallman,Curley Hallman,Jim Carmody
Stanford,David Shaw,David Shaw,David Shaw,David Shaw,David Shaw,David Shaw,David Shaw,David Shaw,David Shaw,Jim Harbaugh,Jim Harbaugh,Jim Harbaugh,Jim Harbaugh,Walt Harris,Walt Harris,Buddy Teevens,Buddy Teevens,Buddy Teevens,Tyrone Willingham,Tyrone Willingham,Tyrone Willingham,Tyrone Willingham,Tyrone Willingham,Tyrone Willingham,Tyrone Willingham,Bill Walsh,Bill Walsh,Bill Walsh,Dennis Green,Dennis Green,Dennis Green,Jack Elway,Jack Elway
Syracuse,Dino Babers,Dino Babers,Dino Babers,Dino Babers,Scott Shafer,Scott Shafer,Scott Shafer,Doug Marrone,Doug Marrone,Doug Marrone,Doug Marrone,Greg Robinson,Greg Robinson,Greg Robinson,Greg Robinson,Paul Pasqualoni,Paul Pasqualoni,Paul Pasqualoni,Paul Pasqualoni,Paul Pasqualoni,Paul Pasqualoni,Paul Pasqualoni,Paul Pasqualoni,Paul Pasqualoni,Paul Pasqualoni,Paul Pasqualoni,Paul Pasqualoni,Paul Pasqualoni,Paul Pasqualoni,Dick MacPherson,Dick MacPherson,Dick MacPherson,Dick MacPherson
TCU,Gary Patterson,Gary Patterson,Gary Patterson,Gary Patterson,Gary Patterson,Gary Patterson,Gary Patterson,Gary Patterson,Gary Patterson,Gary Patterson,Gary Patterson,Gary Patterson,Gary Patterson,Gary Patterson,Gary Patterson,Gary Patterson,Gary Patterson,Gary Patterson,Gary Patterson,Dennis Franchione,Dennis Franchione,Dennis Franchione,Pat Sullivan,Pat Sullivan,Pat Sullivan,Pat Sullivan,Pat Sullivan,Pat Sullivan,Jim Wacker,Jim Wacker,Jim Wacker,Jim Wacker,Jim Wacker
Temple,Rod Carey,Geoff Collins,Geoff Collins,Matt Rhule,Matt Rhule,Matt Rhule,Matt Rhule,Steve Addazio,Steve Addazio,Al Golden,Al Golden,Al Golden,Al Golden,Al Golden,Bobby Wallace,Bobby Wallace,Bobby Wallace,Bobby Wallace,Bobby Wallace,Bobby Wallace,Bobby Wallace,Bobby Wallace,Ron Dickerson,Ron Dickerson,Ron Dickerson,Ron Dickerson,Ron Dickerson,Jerry Berndt,Jerry Berndt,Jerry Berndt,Jerry Berndt,Bruce Arians,Bruce Arians
Tennessee,Jeremy Pruitt,Jeremy Pruitt,Butch Jones,Butch Jones,Butch Jones,Butch Jones,Butch Jones,Derek Dooley,Derek Dooley,Derek Dooley,Lane Kiffin,Phil Fulmer,Phil Fulmer,Phil Fulmer,Phil Fulmer,Phil Fulmer,Phil Fulmer,Phil Fulmer,Phil Fulmer,Phil Fulmer,Phil Fulmer,Phil Fulmer,Phil Fulmer,Phil Fulmer,Phil Fulmer,Phil Fulmer,Phil Fulmer,Johnny Majors,Johnny Majors,Johnny Majors,Johnny Majors,Johnny Majors,Johnny Majors
Texas A&M,Jimbo Fisher,Jimbo Fisher,Kevin Sumlin,Kevin Sumlin,Kevin Sumlin,Kevin Sumlin,Kevin Sumlin,Kevin Sumlin,Mike Sherman,Mike Sherman,Mike Sherman,Mike Sherman,Dennis Franchione,Dennis Franchione,Dennis Franchione,Dennis Franchione,Dennis Franchione,RC Slocum,RC Slocum,RC Slocum,RC Slocum,RC Slocum,RC Slocum,RC Slocum,RC Slocum,RC Slocum,RC Slocum,RC Slocum,RC Slocum,RC Slocum,RC Slocum,Jackie Sherrill,Jackie Sherrill
Texas,Tom Herman,Tom Herman,Tom Herman,Charlie Strong,Charlie Strong,Charlie Strong,Mack Brown,Mack Brown,Mack Brown,Mack Brown,Mack Brown,Mack Brown,Mack Brown,Mack Brown,Mack Brown,Mack Brown,Mack Brown,Mack Brown,Mack Brown,Mack Brown,Mack Brown,Mack Brown,John Mackovic,John Mackovic,John Mackovic,John Mackovic,John Mackovic,John Mackovic,David McWilliams,David McWilliams,David McWilliams,David McWilliams,David McWilliams
Texas State,Jake Spavital,Everett Withers,Everett Withers,Everett Withers,Dennis Franchione,Dennis Franchione,Dennis Franchione,Dennis Franchione,Dennis Franchione,Brad Wright,Brad Wright,Brad Wright,Brad Wright,David Bailiff,David Bailiff,David Bailiff,Manny Matsakis,Bob DeBesse,Bob DeBesse,Bob DeBesse,Bob DeBesse,Bob DeBesse,Bob DeBesse,Jim Bob Helduser,Jim Bob Helduser,Jim Bob Helduser,Jim Bob Helduser,Jim Bob Helduser,Dennis Franchione,Dennis Franchione,John O'Hara,John O'Hara,John O'Hara
Texas Tech,Matt Wells,Kliff Kingsbury,Kliff Kingsbury,Kliff Kingsbury,Kliff Kingsbury,Kliff Kingsbury,Kliff Kingsbury,Tommy Tuberville,Tommy Tuberville,Tommy Tuberville,Mike Leach,Mike Leach,Mike Leach,Mike Leach,Mike Leach,Mike Leach,Mike Leach,Mike Leach,Mike Leach,Mike Leach,Spike Dykes,Spike Dykes,Spike Dykes,Spike Dykes,Spike Dykes,Spike Dykes,Spike Dykes,Spike Dykes,Spike Dykes,Spike Dykes,Spike Dykes,Spike Dykes,Spike Dykes
Toledo,Jason Candle,Jason Candle,Jason Candle,Jason Candle,Matt Campbell,Matt Campbell,Matt Campbell,Matt Campbell,Tim Beckman,Tim Beckman,Tim Beckman,Tom Amstutz,Tom Amstutz,Tom Amstutz,Tom Amstutz,Tom Amstutz,Tom Amstutz,Tom Amstutz,Tom Amstutz,Gary Pinkel,Gary Pinkel,Gary Pinkel,Gary Pinkel,Gary Pinkel,Gary Pinkel,Gary Pinkel,Gary Pinkel,Gary Pinkel,Gary Pinkel,Nick Saban,Dan Simrell,Dan Simrell,Dan Simrell
Troy,Chip Lindsey,Neal Brown,Neal Brown,Neal Brown,Neal Brown,Larry Blakeney,Larry Blakeney,Larry Blakeney,Larry Blakeney,Larry Blakeney,Larry Blakeney,Larry Blakeney,Larry Blakeney,Larry Blakeney,Larry Blakeney,Larry Blakeney,Larry Blakeney,Larry Blakeney,Larry Blakeney,Larry Blakeney,Larry Blakeney,Larry Blakeney,Larry Blakeney,Larry Blakeney,Larry Blakeney,Larry Blakeney,Larry Blakeney,Larry Blakeney,Larry Blakeney,Robert Maddox,Robert Maddox,Robert Maddox,Rick Rhoades
Tulane,Willie Fritz,Willie Fritz,Willie Fritz,Willie Fritz,Curtis Johnson,Curtis Johnson,Curtis Johnson,Curtis Johnson,Bob Toledo,Bob Toledo,Bob Toledo,Bob Toledo,Bob Toledo,Chris Scelfo,Chris Scelfo,Chris Scelfo,Chris Scelfo,Chris Scelfo,Chris Scelfo,Chris Scelfo,Chris Scelfo,Tommy Bowden,Tommy Bowden,Buddy Teevens,Buddy Teevens,Buddy Teevens,Buddy Teevens,Buddy Teevens,Greg Davis,Greg Davis,Greg Davis,Greg Davis,Mack Brown
Tulsa,Philip Montgomery,Philip Montgomery,Philip Montgomery,Philip Montgomery,Philip Montgomery,Bill Blankenship,Bill Blankenship,Bill Blankenship,Bill Blankenship,Todd Graham,Todd Graham,Todd Graham,Todd Graham,Steve Kragthorpe,Steve Kragthorpe,Steve Kragthorpe,Steve Kragthorpe,Keith Burns,Keith Burns,Keith Burns,Dave Rader,Dave Rader,Dave Rader,Dave Rader,Dave Rader,Dave Rader,Dave Rader,Dave Rader,Dave Rader,Dave Rader,Dave Rader,Dave Rader,George Henshaw
UAB,Bill Clark,Bill Clark,Bill Clark,No Team,No Team,Bill Clark,Garrick McGee,Garrick McGee,Neil Callaway,Neil Callaway,Neil Callaway,Neil Callaway,Neil Callaway,Watson Brown,Watson Brown,Watson Brown,Watson Brown,Watson Brown,Watson Brown,Watson Brown,Watson Brown,Watson Brown,Watson Brown,Watson Brown,Watson Brown,Jim Hilyer,Jim Hilyer,Jim Hilyer,Jim Hilyer,No Team,No Team,No Team,No Team
UCLA,Chip Kelly,Chip Kelly,Jim L. Mora,Jim L. Mora,Jim L. Mora,Jim L. Mora,Jim L. Mora,Jim L. Mora,Rick Neuheisel,Rick Neuheisel,Rick Neuheisel,Rick Neuheisel,Karl Dorrell,Karl Dorrell,Karl Dorrell,Karl Dorrell,Karl Dorrell,Bob Toledo,Bob Toledo,Bob Toledo,Bob Toledo,Bob Toledo,Bob Toledo,Bob Toledo,Terry Donahue,Terry Donahue,Terry Donahue,Terry Donahue,Terry Donahue,Terry Donahue,Terry Donahue,Terry Donahue,Terry Donahue
UNLV,Tony Sanchez,Tony Sanchez,Tony Sanchez,Tony Sanchez,Tony Sanchez,Bobby Hauck,Bobby Hauck,Bobby Hauck,Bobby Hauck,Bobby Hauck,Mike Sanford,Mike Sanford,Mike Sanford,Mike Sanford,Mike Sanford,John Robinson,John Robinson,John Robinson,John Robinson,John Robinson,John Robinson,Jeff Horton,Jeff Horton,Jeff Horton,Jeff Horton,Jeff Horton,Jim Strong,Jim Strong,Jim Strong,Jim Strong,Wayne Nunnely,Wayne Nunnely,Wayne Nunnely
USC,Clay Helton,Clay Helton,Clay Helton,Clay Helton,Steve Sarkisian,Steve Sarkisian,Ed Orgeron,Lane Kiffin,Lane Kiffin,Lane Kiffin,Pete Carroll,Pete Carroll,Pete Carroll,Pete Carroll,Pete Carroll,Pete Carroll,Pete Carroll,Pete Carroll,Pete Carroll,Paul Hackett,Paul Hackett,Paul Hackett,John Robinson,John Robinson,John Robinson,John Robinson,John Robinson,Larry Smith,Larry Smith,Larry Smith,Larry Smith,Larry Smith,Larry Smith
Utah State,Gary Andersen,Matt Wells,Matt Wells,Matt Wells,Matt Wells,Matt Wells,Matt Wells,Gary Andersen,Gary Andersen,Gary Andersen,Gary Andersen,Brent Guy,Brent Guy,Brent Guy,Brent Guy,Mick Dennehy,Mick Dennehy,Mick Dennehy,Mick Dennehy,Mick Dennehy,Dave Arslanian,Dave Arslanian,John L Smith,John L Smith,John L Smith,Charlie Weatherbie,Charlie Weatherbie,Charlie Weatherbie,Chuck Shelton,Chuck Shelton,Chuck Shelton,Chuck Shelton,Chuck Shelton
Utah,Kyle Whittingham,Kyle Whittingham,Kyle Whittingham,Kyle Whittingham,Kyle Whittingham,Kyle Whittingham,Kyle Whittingham,Kyle Whittingham,Kyle Whittingham,Kyle Whittingham,Kyle Whittingham,Kyle Whittingham,Kyle Whittingham,Kyle Whittingham,Kyle Whittingham,Urban Meyer,Urban Meyer,Ron McBride,Ron McBride,Ron McBride,Ron McBride,Ron McBride,Ron McBride,Ron McBride,Ron McBride,Ron McBride,Ron McBride,Ron McBride,Ron McBride,Ron McBride,Jim Fassel,Jim Fassel,Jim Fassel
UTEP,Dana Dimel,Dana Dimel,Sean Kugler,Sean Kugler,Sean Kugler,Sean Kugler,Sean Kugler,Mike Price,Mike Price,Mike Price,Mike Price,Mike Price,Mike Price,Mike Price,Mike Price,Mike Price,Gary Nord,Gary Nord,Gary Nord,Gary Nord,Charlie Bailey,Charlie Bailey,Charlie Bailey,Charlie Bailey,Charlie Bailey,Charlie Bailey,David Lee,David Lee,David Lee,David Lee,David Lee,Bob Stull,Bob Stull
UTSA,Frank Wilson,Frank Wilson,Frank Wilson,Frank Wilson,Larry Coker,Larry Coker,Larry Coker,Larry Coker,Larry Coker,No Team,No Team,No Team,No Team,No Team,No Team,No Team,No Team,No Team,No Team,No Team,No Team,No Team,No Team,No Team,No Team,No Team,No Team,No Team,No Team,No Team,No Team,No Team,No Team
Vanderbilt,Derek Mason,Derek Mason,Derek Mason,Derek Mason,Derek Mason,Derek Mason,James Franklin,James Franklin,James Franklin,Robbie Caldwell,Bobby Johnson,Bobby Johnson,Bobby Johnson,Bobby Johnson,Bobby Johnson,Bobby Johnson,Bobby Johnson,Bobby Johnson,Woody Widenhofer,Woody Widenhofer,Woody Widenhofer,Woody Widenhofer,Woody Widenhofer,Rod Dowhower,Rod Dowhower,Gerry DiNardo,Gerry DiNardo,Gerry DiNardo,Gerry DiNardo,Watson Brown,Watson Brown,Watson Brown,Watson Brown
Virginia,Bronco Mendenhall,Bronco Mendenhall,Bronco Mendenhall,Bronco Mendenhall,Mike London,Mike London,Mike London,Mike London,Mike London,Mike London,Al Groh,Al Groh,Al Groh,Al Groh,Al Groh,Al Groh,Al Groh,Al Groh,Al Groh,George Welsh,George Welsh,George Welsh,George Welsh,George Welsh,George Welsh,George Welsh,George Welsh,George Welsh,George Welsh,George Welsh,George Welsh,George Welsh,George Welsh
Virginia Tech,Justin Fuente,Justin Fuente,Justin Fuente,Justin Fuente,Frank Beamer,Frank Beamer,Frank Beamer,Frank Beamer,Frank Beamer,Frank Beamer,Frank Beamer,Frank Beamer,Frank Beamer,Frank Beamer,Frank Beamer,Frank Beamer,Frank Beamer,Frank Beamer,Frank Beamer,Frank Beamer,Frank Beamer,Frank Beamer,Frank Beamer,Frank Beamer,Frank Beamer,Frank Beamer,Frank Beamer,Frank Beamer,Frank Beamer,Frank Beamer,Frank Beamer,Frank Beamer,Frank Beamer
Wake Forest,Dave Clawson,Dave Clawson,Dave Clawson,Dave Clawson,Dave Clawson,Dave Clawson,Jim Grobe,Jim Grobe,Jim Grobe,Jim Grobe,Jim Grobe,Jim Grobe,Jim Grobe,Jim Grobe,Jim Grobe,Jim Grobe,Jim Grobe,Jim Grobe,Jim Grobe,Jim Caldwell,Jim Caldwell,Jim Caldwell,Jim Caldwell,Jim Caldwell,Jim Caldwell,Jim Caldwell,Jim Caldwell,Bill Dooley,Bill Dooley,Bill Dooley,Bill Dooley,Bill Dooley,Bill Dooley
Washington,Chris Petersen,Chris Petersen,Chris Petersen,Chris Petersen,Chris Petersen,Chris Petersen,Steve Sarkisian,Steve Sarkisian,Steve Sarkisian,Steve Sarkisian,Steve Sarkisian,Tyrone Willingham,Tyrone Willingham,Tyrone Willingham,Tyrone Willingham,Keith Gilbertson,Keith Gilbertson,Rick Neuheisel,Rick Neuheisel,Rick Neuheisel,Rick Neuheisel,Jim Lambright,Jim Lambright,Jim Lambright,Jim Lambright,Jim Lambright,Jim Lambright,Don James,Don James,Don James,Don James,Don James,Don James
Washington State,Mike Leach,Mike Leach,Mike Leach,Mike Leach,Mike Leach,Mike Leach,Mike Leach,Mike Leach,Paul Wulff,Paul Wulff,Paul Wulff,Paul Wulff,Bill Doba,Bill Doba,Bill Doba,Bill Doba,Bill Doba,Mike Price,Mike Price,Mike Price,Mike Price,Mike Price,Mike Price,Mike Price,Mike Price,Mike Price,Mike Price,Mike Price,Mike Price,Mike Price,Mike Price,Dennis Erickson,Dennis Erickson
West Virginia,Neal Brown,Dana Holgorsen,Dana Holgorsen,Dana Holgorsen,Dana Holgorsen,Dana Holgorsen,Dana Holgorsen,Dana Holgorsen,Dana Holgorsen,Bill Stewart,Bill Stewart,Bill Stewart,Rich Rodriguez,Rich Rodriguez,Rich Rodriguez,Rich Rodriguez,Rich Rodriguez,Rich Rodriguez,Rich Rodriguez,Don Nehlen,Don Nehlen,Don Nehlen,Don Nehlen,Don Nehlen,Don Nehlen,Don Nehlen,Don Nehlen,Don Nehlen,Don Nehlen,Don Nehlen,Don Nehlen,Don Nehlen,Don Nehlen
Western Kentucky,Tyson Helton,Mike Sanford Jr,Mike Sanford Jr,Jeff Brohm,Jeff Brohm,Jeff Brohm,Bobby Petrino,Willie Taggart,Willie Taggart,Willie Taggart,David Elson,David Elson,David Elson,David Elson,David Elson,David Elson,David Elson,Jack Harbaugh,Jack Harbaugh,Jack Harbaugh,Jack Harbaugh,Jack Harbaugh,Jack Harbaugh,Jack Harbaugh,Jack Harbaugh,Jack Harbaugh,Jack Harbaugh,Jack Harbaugh,Jack Harbaugh,Jack Harbaugh,Jack Harbaugh,Dave Roberts,Dave Roberts
Western Michigan,Tim Lester,Tim Lester,Tim Lester,P. J. Fleck,P. J. Fleck,P. J. Fleck,P. J. Fleck,Bill Cubit,Bill Cubit,Bill Cubit,Bill Cubit,Bill Cubit,Bill Cubit,Bill Cubit,Bill Cubit,Gary Darnell,Gary Darnell,Gary Darnell,Gary Darnell,Gary Darnell,Gary Darnell,Gary Darnell,Gary Darnell,Al Molde,Al Molde,Al Molde,Al Molde,Al Molde,Al Molde,Al Molde,Al Molde,Al Molde,Al Molde
Wisconsin,Paul Chryst,Paul Chryst,Paul Chryst,Paul Chryst,Paul Chryst,Gary Andersen,Gary Andersen,Bret Bielema,Bret Bielema,Bret Bielema,Bret Bielema,Bret Bielema,Bret Bielema,Bret Bielema,Barry Alvarez,Barry Alvarez,Barry Alvarez,Barry Alvarez,Barry Alvarez,Barry Alvarez,Barry Alvarez,Barry Alvarez,Barry Alvarez,Barry Alvarez,Barry Alvarez,Barry Alvarez,Barry Alvarez,Barry Alvarez,Barry Alvarez,Barry Alvarez,Don Morton,Don Morton,Don Morton
Wyoming,Craig Bohl,Craig Bohl,Craig Bohl,Craig Bohl,Craig Bohl,Craig Bohl,Dave Christensen,Dave Christensen,Dave Christensen,Dave Christensen,Dave Christensen,Joe Glenn,Joe Glenn,Joe Glenn,Joe Glenn,Joe Glenn,Joe Glenn,Vic Koenning,Vic Koenning,Vic Koenning,Dana Dimel,Dana Dimel,Dana Dimel,Joe Tiller,Joe Tiller,Joe Tiller,Joe Tiller,Joe Tiller,Joe Tiller,Paul Roach,Paul Roach,Paul Roach,Paul Roach
